{"playerData":{"playerStats":[100.0,97.0,2974.0],"playerPositionAndRotation":[114.55491638183594,10.072234153747559,-57.361724853515628,-0.06339222937822342,0.9355921149253845,-0.22204497456550599]}}